<?xml version="1.0" encoding="UTF-8"?>
<project-private xmlns="http://www.netbeans.org/ns/project-private/1">
    <editor-bookmarks xmlns="http://www.netbeans.org/ns/editor-bookmarks/2" lastBookmarkId="0"/>
    <open-files xmlns="http://www.netbeans.org/ns/projectui-open-files/2">
        <group>
            <file>file:/C:/Users/mase/Desktop/Repos/Programcion%20II/Segundo%20cuatrimestre/PP_ProgII_Zoo/src/pp_progii_zoo/Mamifero.java</file>
            <file>file:/C:/Users/mase/Desktop/Repos/Programcion%20II/Segundo%20cuatrimestre/PP_ProgII_Zoo/src/pp_progii_zoo/Animal.java</file>
            <file>file:/C:/Users/mase/Desktop/Repos/Programcion%20II/Segundo%20cuatrimestre/PP_ProgII_Zoo/src/pp_progii_zoo/Zoologico.java</file>
            <file>file:/C:/Users/mase/Desktop/Repos/Programcion%20II/Segundo%20cuatrimestre/PP_ProgII_Zoo/src/pp_progii_zoo/Vacunable.java</file>
            <file>file:/C:/Users/mase/Desktop/Repos/Programcion%20II/Segundo%20cuatrimestre/PP_ProgII_Zoo/src/pp_progii_zoo/main.java</file>
            <file>file:/C:/Users/mase/Desktop/Repos/Programcion%20II/Segundo%20cuatrimestre/PP_ProgII_Zoo/src/pp_progii_zoo/Ave.java</file>
            <file>file:/C:/Users/mase/Desktop/Repos/Programcion%20II/Segundo%20cuatrimestre/PP_ProgII_Zoo/src/pp_progii_zoo/Reptil.java</file>
        </group>
    </open-files>
</project-private>
